{"cameraMode":{"drawMode":0,"name":"Shaded","section":"Shading Mode"},"sceneLighting":true,"audioPlay":false,"sceneViewState":{"showFog":true,"showMaterialUpdate":false,"showSkybox":true,"showFlares":true,"showImageEffects":true,"showParticleSystems":true},"in2DMode":false,"pivot":{"x":-10.433537483215332,"y":62.83745574951172,"z":19.548751831054689},"rotation":{"x":-0.01630709134042263,"y":-0.9533587098121643,"z":0.296811580657959,"w":-0.052386391907930377},"size":230.4538116455078,"orthographic":false}