{"cameraMode":{"drawMode":0,"name":"Shaded","section":"Shading Mode"},"sceneLighting":false,"audioPlay":false,"sceneViewState":{"showFog":true,"showMaterialUpdate":false,"showSkybox":true,"showFlares":true,"showImageEffects":true,"showParticleSystems":true},"in2DMode":false,"pivot":{"x":-3.740000009536743,"y":0.06000018119812012,"z":-2.000000238418579},"rotation":{"x":-0.7671998143196106,"y":0.004930322058498859,"z":-0.006165725644677877,"w":-0.6413596272468567},"size":26.920682907104493,"orthographic":true}