{"cameraMode":{"drawMode":0,"name":"Shaded","section":"Shading Mode"},"sceneLighting":false,"audioPlay":false,"sceneViewState":{"showFog":true,"showMaterialUpdate":false,"showSkybox":true,"showFlares":true,"showImageEffects":true,"showParticleSystems":true},"in2DMode":false,"pivot":{"x":-5.400000095367432,"y":0.05999898910522461,"z":8.000000953674317},"rotation":{"x":-0.6961143612861633,"y":-0.11596893519163132,"z":0.11548538506031037,"w":-0.6990272402763367},"size":2.689246892929077,"orthographic":false}