{"cameraMode":{"drawMode":0,"name":"Shaded","section":"Shading Mode"},"sceneLighting":false,"audioPlay":false,"sceneViewState":{"showFog":true,"showMaterialUpdate":false,"showSkybox":true,"showFlares":true,"showImageEffects":true,"showParticleSystems":true},"in2DMode":false,"pivot":{"x":799.9835205078125,"y":454.5263977050781,"z":0.0},"rotation":{"x":0.7071735262870789,"y":-0.02860742062330246,"z":0.02866007387638092,"w":0.7058795094490051},"size":31.701610565185548,"orthographic":false}